{
  "__version__": "1.2.6",
  "version": {
    "builder": "1.2.3"
  },
  "BuildTaskManager": {
    "taskMap": {
      "1623305255654": {
        "id": "1623305255654",
        "progress": 1,
        "state": "success",
        "message": "Build success in 182859 ms!",
        "options": {
          "name": "attackontitan",
          "platform": "web-mobile",
          "buildPath": "./build",
          "debug": false,
          "md5Cache": false,
          "sourceMaps": false,
          "replaceSplashScreen": false,
          "mainBundleCompressionType": "merge_dep",
          "mainBundleIsRemote": false,
          "mergeStartScene": false,
          "experimentalEraseModules": false,
          "compressTexture": true,
          "packAutoAtlas": true,
          "startScene": "4eef66a3-68b6-4f79-a0a7-4bc8c3f07e22",
          "scenes": [
            {
              "url": "db://assets/scene/fight.scene",
              "uuid": "4eef66a3-68b6-4f79-a0a7-4bc8c3f07e22"
            }
          ],
          "outputName": "web-mobile",
          "packages": {
            "cocos-service": {
              "configID": "321bb5",
              "services": []
            },
            "web-mobile": {
              "orientation": "portrait",
              "polyfills": {
                "asyncFunctions": true
              },
              "embedWebDebugger": true
            }
          }
        },
        "time": "2021-7-22 11:33",
        "dirty": false,
        "rawOptions": {
          "name": "attackontitan",
          "platform": "web-mobile",
          "buildPath": "./build",
          "debug": false,
          "md5Cache": false,
          "sourceMaps": false,
          "replaceSplashScreen": false,
          "mainBundleCompressionType": "merge_dep",
          "mainBundleIsRemote": false,
          "mergeStartScene": false,
          "experimentalEraseModules": false,
          "compressTexture": true,
          "packAutoAtlas": true,
          "startScene": "4eef66a3-68b6-4f79-a0a7-4bc8c3f07e22",
          "scenes": [
            {
              "url": "db://assets/scene/fight.scene",
              "uuid": "4eef66a3-68b6-4f79-a0a7-4bc8c3f07e22"
            }
          ],
          "outputName": "web-mobile",
          "packages": {
            "cocos-service": {
              "configID": "321bb5",
              "services": []
            },
            "web-mobile": {
              "orientation": "portrait",
              "polyfills": {
                "asyncFunctions": true
              },
              "embedWebDebugger": true
            }
          }
        }
      },
      "1624009074742": {
        "id": "1624009074742",
        "progress": 1,
        "state": "success",
        "message": "Build success in 12860 ms!",
        "options": {
          "name": "attackontitan",
          "platform": "android",
          "buildPath": "./build",
          "debug": false,
          "md5Cache": false,
          "sourceMaps": false,
          "replaceSplashScreen": false,
          "mainBundleCompressionType": "merge_dep",
          "mainBundleIsRemote": false,
          "mergeStartScene": false,
          "experimentalEraseModules": false,
          "compressTexture": true,
          "packAutoAtlas": true,
          "startScene": "4eef66a3-68b6-4f79-a0a7-4bc8c3f07e22",
          "scenes": [
            {
              "url": "db://assets/scene/fight.scene",
              "uuid": "4eef66a3-68b6-4f79-a0a7-4bc8c3f07e22"
            }
          ],
          "outputName": "android",
          "packages": {
            "cocos-service": {
              "configID": "321bb5",
              "services": [
                {
                  "service_id": "235",
                  "service_component_name": "service-analytics",
                  "builder": "/Users/yangweida/.CocosCreator/.service/analytics/builder/builder.js",
                  "enable": false,
                  "params": {}
                }
              ]
            },
            "native": {
              "template": "link",
              "polyfills": {
                "asyncFunctions": true
              },
              "encrypted": false,
              "xxteaKey": "d37qAploZGVbonss",
              "compressZip": false,
              "makeAfterBuild": false
            },
            "android": {
              "packageName": "com.cocosgame.attakontitan",
              "orientation": {
                "portrait": true,
                "upsideDown": false,
                "landscapeRight": false,
                "landscapeLeft": false
              },
              "apiLevel": "android-26",
              "appABIs": [
                "arm64-v8a",
                "armeabi-v7a"
              ],
              "useDebugKeystore": true,
              "keystorePath": "",
              "keystorePassword": "",
              "keystoreAlias": "",
              "keystoreAliasPassword": "",
              "appBundle": false,
              "androidInstant": false,
              "remoteUrl": "",
              "sdkPath": "/Users/yangweida/Library/Android/sdk",
              "ndkPath": "/Users/yangweida/Library/Android/sdk/ndk-bundle/",
              "renderBackEnd": {
                "vulkan": false,
                "gles3": true,
                "gles2": false
              }
            }
          }
        },
        "time": "2021-7-22 18:17",
        "dirty": false,
        "rawOptions": {
          "name": "attackontitan",
          "platform": "android",
          "buildPath": "./build",
          "debug": false,
          "md5Cache": false,
          "sourceMaps": false,
          "replaceSplashScreen": false,
          "mainBundleCompressionType": "merge_dep",
          "mainBundleIsRemote": false,
          "mergeStartScene": false,
          "experimentalEraseModules": false,
          "compressTexture": true,
          "packAutoAtlas": true,
          "startScene": "4eef66a3-68b6-4f79-a0a7-4bc8c3f07e22",
          "scenes": [
            {
              "url": "db://assets/scene/fight.scene",
              "uuid": "4eef66a3-68b6-4f79-a0a7-4bc8c3f07e22"
            }
          ],
          "outputName": "android",
          "packages": {
            "cocos-service": {
              "configID": "321bb5",
              "services": [
                {
                  "service_id": "235",
                  "service_component_name": "service-analytics",
                  "builder": "/Users/yangweida/.CocosCreator/.service/analytics/builder/builder.js",
                  "enable": false,
                  "params": {}
                }
              ]
            },
            "native": {
              "template": "link",
              "polyfills": {
                "asyncFunctions": true
              },
              "encrypted": false,
              "xxteaKey": "d37qAploZGVbonss",
              "compressZip": false,
              "makeAfterBuild": false
            },
            "android": {
              "packageName": "com.cocosgame.attakontitan",
              "orientation": {
                "portrait": true,
                "upsideDown": false,
                "landscapeRight": false,
                "landscapeLeft": false
              },
              "apiLevel": "android-26",
              "appABIs": [
                "arm64-v8a",
                "armeabi-v7a"
              ],
              "useDebugKeystore": true,
              "keystorePath": "",
              "keystorePassword": "",
              "keystoreAlias": "",
              "keystoreAliasPassword": "",
              "appBundle": false,
              "androidInstant": false,
              "remoteUrl": "",
              "sdkPath": "/Users/yangweida/Library/Android/sdk",
              "ndkPath": "/Users/yangweida/Library/Android/sdk/ndk-bundle/",
              "renderBackEnd": {
                "vulkan": false,
                "gles3": true,
                "gles2": false
              }
            }
          }
        }
      },
      "1626238016324": {
        "id": "1626238016324",
        "progress": 1,
        "state": "success",
        "message": "Build success in 28742 ms!",
        "options": {
          "name": "attackontitan",
          "platform": "wechatgame",
          "buildPath": "./build",
          "debug": false,
          "md5Cache": false,
          "sourceMaps": false,
          "replaceSplashScreen": false,
          "mainBundleCompressionType": "subpackage",
          "mainBundleIsRemote": false,
          "mergeStartScene": false,
          "experimentalEraseModules": false,
          "compressTexture": false,
          "packAutoAtlas": false,
          "startScene": "4eef66a3-68b6-4f79-a0a7-4bc8c3f07e22",
          "scenes": [
            {
              "url": "db://assets/scene/fight.scene",
              "uuid": "4eef66a3-68b6-4f79-a0a7-4bc8c3f07e22"
            }
          ],
          "outputName": "wechatgame",
          "packages": {
            "cocos-service": {
              "configID": "321bb5",
              "services": [
                {
                  "service_id": "235",
                  "service_component_name": "service-analytics",
                  "builder": "/Users/yangweida/.CocosCreator/.service/analytics/builder/builder.js",
                  "enable": false,
                  "params": {}
                }
              ]
            },
            "wechatgame": {
              "startSceneAssetBundle": true,
              "orientation": "portrait",
              "appid": "wx7082b3ae6a97f1b1",
              "separateEngine": true,
              "wasm": "wasm"
            }
          }
        },
        "time": "2021-7-22 18:19",
        "dirty": false,
        "rawOptions": {
          "name": "attackontitan",
          "platform": "wechatgame",
          "buildPath": "./build",
          "debug": false,
          "md5Cache": false,
          "sourceMaps": false,
          "replaceSplashScreen": false,
          "mainBundleCompressionType": "subpackage",
          "mainBundleIsRemote": false,
          "mergeStartScene": false,
          "experimentalEraseModules": false,
          "compressTexture": false,
          "packAutoAtlas": false,
          "startScene": "4eef66a3-68b6-4f79-a0a7-4bc8c3f07e22",
          "scenes": [
            {
              "url": "db://assets/scene/fight.scene",
              "uuid": "4eef66a3-68b6-4f79-a0a7-4bc8c3f07e22"
            }
          ],
          "outputName": "wechatgame",
          "packages": {
            "cocos-service": {
              "configID": "321bb5",
              "services": [
                {
                  "service_id": "235",
                  "service_component_name": "service-analytics",
                  "builder": "/Users/yangweida/.CocosCreator/.service/analytics/builder/builder.js",
                  "enable": false,
                  "params": {}
                }
              ]
            },
            "wechatgame": {
              "startSceneAssetBundle": true,
              "orientation": "portrait",
              "appid": "wx7082b3ae6a97f1b1",
              "separateEngine": true,
              "wasm": "wasm"
            }
          }
        }
      },
      "1626337721128": {
        "id": "1626337721128",
        "progress": 1,
        "state": "success",
        "message": "Build success in 39531 ms!",
        "options": {
          "name": "attackontitan",
          "platform": "ios",
          "buildPath": "./build",
          "debug": false,
          "md5Cache": false,
          "sourceMaps": false,
          "replaceSplashScreen": false,
          "mainBundleCompressionType": "merge_dep",
          "mainBundleIsRemote": false,
          "mergeStartScene": false,
          "experimentalEraseModules": false,
          "compressTexture": true,
          "packAutoAtlas": true,
          "startScene": "4eef66a3-68b6-4f79-a0a7-4bc8c3f07e22",
          "scenes": [
            {
              "url": "db://assets/scene/fight.scene",
              "uuid": "4eef66a3-68b6-4f79-a0a7-4bc8c3f07e22"
            }
          ],
          "outputName": "ios",
          "packages": {
            "cocos-service": {
              "configID": "321bb5",
              "services": [
                {
                  "service_id": "235",
                  "service_component_name": "service-analytics",
                  "builder": "/Users/yangweida/.CocosCreator/.service/analytics/builder/builder.js",
                  "enable": false,
                  "params": {}
                }
              ]
            },
            "native": {
              "template": "link",
              "polyfills": {
                "asyncFunctions": true
              },
              "encrypted": false,
              "xxteaKey": "b3VNhu3aBPEa1VrE",
              "compressZip": false,
              "makeAfterBuild": false
            },
            "ios": {
              "packageName": "com.cocos.attackontitan",
              "orientation": {
                "landscapeRight": false,
                "landscapeLeft": false,
                "portrait": true
              },
              "renderBackEnd": {
                "metal": true,
                "gles3": false
              }
            }
          }
        },
        "time": "2021-7-15 16:28",
        "dirty": false
      }
    }
  },
  "common": {
    "outputName": "ios",
    "mainBundleCompressionType": "subpackage",
    "platform": "ios",
    "scenes": [
      {
        "url": "db://assets/scene/fight.scene",
        "uuid": "4eef66a3-68b6-4f79-a0a7-4bc8c3f07e22"
      }
    ],
    "startScene": "4eef66a3-68b6-4f79-a0a7-4bc8c3f07e22",
    "mainBundleIsRemote": false,
    "sourceMaps": false,
    "compressTexture": false,
    "packAutoAtlas": false
  }
}
