{
  "__version__": "3.0.0",
  "options": {
    "web-desktop": {
      "configID": "321bb5",
      "services": []
    },
    "web-mobile": {
      "configID": "321bb5",
      "services": [
        {
          "service_id": "235",
          "service_component_name": "service-analytics",
          "builder": "/Users/yangweida/.CocosCreator/.service/analytics/builder/builder.js",
          "enable": false,
          "params": {}
        }
      ]
    },
    "android": {
      "configID": "321bb5",
      "services": [
        {
          "service_id": "235",
          "service_component_name": "service-analytics",
          "builder": "/Users/yangweida/.CocosCreator/.service/analytics/builder/builder.js",
          "enable": false,
          "params": {}
        }
      ]
    },
    "wechatgame": {
      "configID": "321bb5",
      "services": [
        {
          "service_id": "235",
          "service_component_name": "service-analytics",
          "builder": "/Users/yangweida/.CocosCreator/.service/analytics/builder/builder.js",
          "enable": false,
          "params": {}
        }
      ]
    },
    "ios": {
      "configID": "321bb5",
      "services": [
        {
          "service_id": "235",
          "service_component_name": "service-analytics",
          "builder": "/Users/yangweida/.CocosCreator/.service/analytics/builder/builder.js",
          "enable": false,
          "params": {}
        }
      ]
    }
  },
  "builder-options": {
    "configID": "321bb5",
    "services": [
      {
        "service_id": "235",
        "service_component_name": "service-analytics",
        "builder": "/Users/yangweida/.CocosCreator/.service/analytics/builder/builder.js",
        "enable": false,
        "params": {}
      }
    ]
  }
}
