{
  "__version__": "1.0.0",
  "current-scene": "4eef66a3-68b6-4f79-a0a7-4bc8c3f07e22",
  "gizmos-infos": {
    "is2D": true,
    "is3DIcon": false,
    "iconSize": 2,
    "gridVisible": true,
    "gridColor": [
      150,
      150,
      150,
      255
    ],
    "isIconGizmo3D": false,
    "iconGizmoSize": 2,
    "isGridVisible": true
  },
  "camera-infos": {
    "f46876e4-e81b-4931-b493-6d367be385e7": {
      "position": {
        "x": 50,
        "y": 50,
        "z": 50
      },
      "rotation": {
        "x": -0.27984814233312133,
        "y": 0.3647051996310009,
        "z": 0.11591689595929514,
        "w": 0.8804762392171493
      },
      "viewCenter": {
        "x": 0,
        "y": 0,
        "z": 0
      }
    },
    "4eef66a3-68b6-4f79-a0a7-4bc8c3f07e22": {
      "position": {
        "x": 360,
        "y": 640,
        "z": 5000
      },
      "rotation": {
        "x": 0,
        "y": 0,
        "z": 0,
        "w": 1
      },
      "viewCenter": {
        "x": 0,
        "y": 0,
        "z": 0
      }
    },
    "ec66c6e2-3268-4b9f-ab78-ff7e10ec1e2f": {
      "position": {
        "x": 7.720688927352512,
        "y": 18.847215756364108,
        "z": 33.07253006144555
      },
      "rotation": {
        "x": -0.2184835506232905,
        "y": 0.10178939162724682,
        "z": 0.02292129404210997,
        "w": 0.9702466037758801
      },
      "viewCenter": {
        "x": -0.7951109099604787,
        "y": -0.6196275009207242,
        "z": -7.06665891358501
      }
    },
    "9d5iZ8zEdC3Zx4kTxNvnYS": {
      "position": {
        "x": 482.5323719217904,
        "y": 728.8960345314947,
        "z": 5000
      },
      "rotation": {
        "x": 0,
        "y": 0,
        "z": 0,
        "w": 1
      },
      "viewCenter": {
        "x": 0,
        "y": 0,
        "z": 0
      }
    },
    "3571a6b7-06f4-4675-9509-4ebac9efa88b": {
      "position": {
        "x": 2.7231625002098827,
        "y": 2.723162500209894,
        "z": 2.7231625002099054
      },
      "rotation": {
        "x": -0.27984814233312133,
        "y": 0.3647051996310009,
        "z": 0.11591689595929514,
        "w": 0.8804762392171493
      },
      "viewCenter": {
        "x": 0,
        "y": 0,
        "z": 0
      }
    },
    "4d9bce2f-bfd8-4b01-b4ca-aec04f73e43a": {
      "position": {
        "x": 25.384261797906966,
        "y": 25.384261797906973,
        "z": 25.384261797906973
      },
      "rotation": {
        "x": -0.27984814233312133,
        "y": 0.3647051996310009,
        "z": 0.11591689595929514,
        "w": 0.8804762392171493
      },
      "viewCenter": {
        "x": 0,
        "y": 0,
        "z": 0
      }
    },
    "143ADJ6LZKg63d1v2KLdgT": {
      "position": {
        "x": 555.68767812381,
        "y": 597.9166283604704,
        "z": 60001.13806814745
      },
      "rotation": {
        "x": 0,
        "y": 0,
        "z": 0,
        "w": 1
      },
      "viewCenter": {
        "x": 0,
        "y": 0,
        "z": 0
      }
    },
    "76bd2347-4ac5-49e5-8366-7155a645e610": {
      "position": {
        "x": 2.151391901401039,
        "y": 2.1513919014010474,
        "z": 2.15139190140106
      },
      "rotation": {
        "x": -0.27984814233312133,
        "y": 0.3647051996310009,
        "z": 0.11591689595929514,
        "w": 0.8804762392171493
      },
      "viewCenter": {
        "x": 0,
        "y": 0,
        "z": 0
      }
    },
    "afeb36d1-d954-46e5-b8c9-b90b44dbdcc7": {
      "position": {
        "x": 580.6860247017843,
        "y": 585.2896766115381,
        "z": 5000
      },
      "rotation": {
        "x": 0,
        "y": 0,
        "z": 0,
        "w": 1
      },
      "viewCenter": {
        "x": 204.99565604860072,
        "y": 603.6304098241767,
        "z": 4431.171479028007
      }
    },
    "5e7ad8f4-6778-4afd-be49-7ca026787638": {
      "position": {
        "x": 360,
        "y": 640,
        "z": 5000
      },
      "rotation": {
        "x": 0,
        "y": 0,
        "z": 0,
        "w": 1
      },
      "viewCenter": {
        "x": -1242.4681993064014,
        "y": 1098.2084554184287,
        "z": 196.7311718135565
      }
    },
    "82jiq6Hj1L07qqfwMU3QSu": {
      "position": {
        "x": 1.3042505883994269,
        "y": 12.762180284260358,
        "z": 14.546570444810477
      },
      "rotation": {
        "x": -0.29146022611291744,
        "y": -0.08526401459016417,
        "z": -0.02609260578392123,
        "w": 0.9524180596427076
      },
      "viewCenter": {
        "x": 5.398089271409459,
        "y": -2.801583370684037,
        "z": -8.134727281108773
      }
    }
  },
  "camera-uuids": [
    "4eef66a3-68b6-4f79-a0a7-4bc8c3f07e22"
  ],
  "float-window": {
    "position": {
      "cc": {
        "Camera": {
          "dock": false,
          "top": null,
          "bottom": 10,
          "left": null,
          "right": 10
        },
        "ParticleSystem": {
          "dock": false,
          "top": null,
          "bottom": 10,
          "left": null,
          "right": 10
        }
      }
    }
  }
}
