{
  "__version__": "1.0.5",
  "modules": {
    "cache": {
      "base": {
        "_value": true
      },
      "graphcis": {
        "_value": true
      },
      "gfx-webgl": {
        "_value": true
      },
      "gfx-webgl2": {
        "_value": false
      },
      "3d": {
        "_value": true
      },
      "2d": {
        "_value": true
      },
      "ui": {
        "_value": true
      },
      "particle": {
        "_value": true
      },
      "physics": {
        "_value": true,
        "_option": "physics-ammo"
      },
      "physics-2d": {
        "_value": false,
        "_option": "physics-2d-box2d"
      },
      "intersection-2d": {
        "_value": false
      },
      "primitive": {
        "_value": true
      },
      "profiler": {
        "_value": true
      },
      "particle-2d": {
        "_value": true
      },
      "audio": {
        "_value": true
      },
      "video": {
        "_value": false
      },
      "webview": {
        "_value": true
      },
      "tween": {
        "_value": true
      },
      "terrain": {
        "_value": false
      },
      "tiled-map": {
        "_value": false
      },
      "spine": {
        "_value": true
      },
      "dragon-bones": {
        "_value": true
      }
    },
    "includeModules": [
      "base",
      "gfx-webgl",
      "3d",
      "2d",
      "ui",
      "particle",
      "physics-ammo",
      "primitive",
      "profiler",
      "particle-2d",
      "audio",
      "webview",
      "tween",
      "spine",
      "dragon-bones"
    ],
    "noDeprecatedFeatures": {
      "value": false,
      "version": ""
    }
  }
}
