编号,类型(1帽子2鞋子),对应icon名称,看几次广告解锁鞋子属性),获取途径(1:关卡,2宝箱：结算翻倍盘宝箱开出皮肤或者宝箱界面；)
number,number,string,number,number,
ID,type,iconName,videoTimes,chanel,
1001,1,h01,,1,
1002,1,h02,,1,
1003,1,h03,,1,
1004,1,h04,,1,
1005,1,h05,,2,
1006,1,h06,,2,
1007,1,h07,,2,
1008,1,h08,,2,
1009,1,h09,,2,
2001,2,s01,1,,
2002,2,s02,1,,
2003,2,s03,1,,
2004,2,s04,2,,
2005,2,s05,2,,
2006,2,s06,3,,
2007,2,s07,3,,
2008,2,s08,4,,
2009,2,s09,4,,